-- Seed the current Dr. M's Experienced public content catalog.

insert into public.content_topics (slug, label) values
  ('brain-fog', 'brain-fog'),
  ('brain-health', 'brain-health'),
  ('functional-medicine', 'functional-medicine'),
  ('sleep', 'sleep'),
  ('insomnia', 'insomnia'),
  ('emf', 'emf'),
  ('mood', 'mood'),
  ('detox', 'detox'),
  ('drainage', 'drainage'),
  ('chronic-infection', 'chronic-infection'),
  ('energy', 'energy'),
  ('mitochondria', 'mitochondria'),
  ('blood-health', 'blood-health'),
  ('red-cell-function', 'red-cell-function'),
  ('circulation', 'circulation')
on conflict (slug) do update set label = excluded.label;

insert into public.episodes (
  slug,
  episode_number,
  title,
  publish_date,
  duration_minutes,
  summary,
  audio_url,
  vimeo_id,
  spotify_id,
  youtube_id,
  thumbnail_url
) values
  (
    'brain-fog-part-1',
    1,
    $$Brain Fog - Part 1 - Is Your Brain in a Fog?$$,
    '2026-01-20',
    17,
    $$Dr. David Musnick (Dr. M), board-certified in Internal Medicine and Sports Medicine with 35+ years in regenerative and functional medicine, dives straight into one of the most common complaints he sees: brain fog.$$,
    'https://anchor.fm/s/10e1b0328/podcast/play/114269977/https%3A%2F%2Fd3ctxlq1ktw2nl.cloudfront.net%2Fstaging%2F2026-0-20%2F416465462-44100-2-550a8bb9b34f.mp3',
    '1156414707',
    '7cAdb8GE4khC9EYKAjmYuc',
    'LXASEw-WFq8',
    'https://vumbnail.com/1156414707.jpg'
  ),
  (
    'brain-fog-part-2',
    2,
    $$Brain Fog Part 2 - Testing & Basic Solutions for Brain Fog$$,
    '2026-01-27',
    20,
    $$Dr. David Musnick (Dr. M) picks up where Part 1 left off and gets specific about which tests make sense for brain fog and which basics help almost everyone.$$,
    'https://anchor.fm/s/10e1b0328/podcast/play/114270231/https%3A%2F%2Fd3ctxlq1ktw2nl.cloudfront.net%2Fstaging%2F2026-0-20%2F416465800-44100-2-7f319cbf0397f.mp3',
    '1159441883',
    '19Pct0ClX3j1EOwJ3ySVd7',
    's740_XVTaAY',
    'https://vumbnail.com/1159441883.jpg'
  ),
  (
    'episode-3-insomnia',
    3,
    $$Insomnia$$,
    '2026-04-03',
    20,
    $$Dr. M breaks down insomnia and sleep: difficulty falling or staying asleep, types of insomnia, and why 7+ hours of quality sleep matters for reducing inflammation in your brain and body-plus practical tools for wind-down, caffeine timing, natural supports, and more.$$,
    'https://anchor.fm/s/10e1b0328/podcast/play/117879952/https%3A%2F%2Fd3ctxlq1ktw2nl.cloudfront.net%2Fstaging%2F2026-3-3%2F421308982-44100-2-82d5d3a22b087.mp3',
    '1179740758',
    '07OHz4sfbefOORcNi9xaUK',
    '59r5XFynaDo',
    'https://vumbnail.com/1179740758.jpg'
  ),
  (
    'episode-4-emf',
    4,
    $$EMF$$,
    '2026-04-03',
    19,
    $$Dr. Musnick explains how RF, EMF, and electrical fields affect the brain and blood-brain barrier-and practical steps to reduce exposure from phones, WiFi, Bluetooth, vehicles, and smart meters.$$,
    'https://anchor.fm/s/10e1b0328/podcast/play/117921586/https%3A%2F%2Fd3ctxlq1ktw2nl.cloudfront.net%2Fstaging%2F2026-3-3%2F421362576-44100-2-9087d508e502c.mp3',
    '1179956166',
    '0aDVuIwrRlDKxEylMj2dyw',
    'X8WChChyh9c',
    'https://vumbnail.com/1179956166.jpg'
  )
on conflict (slug) do update set
  episode_number = excluded.episode_number,
  title = excluded.title,
  publish_date = excluded.publish_date,
  duration_minutes = excluded.duration_minutes,
  summary = excluded.summary,
  audio_url = excluded.audio_url,
  vimeo_id = excluded.vimeo_id,
  spotify_id = excluded.spotify_id,
  youtube_id = excluded.youtube_id,
  thumbnail_url = excluded.thumbnail_url,
  updated_at = now();

insert into public.episode_topics (episode_slug, topic_slug) values
  ('brain-fog-part-1', 'brain-fog'),
  ('brain-fog-part-1', 'brain-health'),
  ('brain-fog-part-1', 'functional-medicine'),
  ('brain-fog-part-2', 'brain-fog'),
  ('brain-fog-part-2', 'brain-health'),
  ('brain-fog-part-2', 'functional-medicine'),
  ('episode-3-insomnia', 'sleep'),
  ('episode-3-insomnia', 'insomnia'),
  ('episode-3-insomnia', 'functional-medicine'),
  ('episode-4-emf', 'emf'),
  ('episode-4-emf', 'brain-health'),
  ('episode-4-emf', 'functional-medicine')
on conflict (episode_slug, topic_slug) do nothing;

insert into public.episode_references (episode_slug, label, url, display_order) values
  ('brain-fog-part-1', 'Watch on Vimeo', 'https://vimeo.com/1156414707', 10),
  ('brain-fog-part-1', 'Listen on Spotify', 'https://open.spotify.com/episode/7cAdb8GE4khC9EYKAjmYuc?si=WaXbSZb9RMOijYCs68s1nQ', 20),
  ('brain-fog-part-1', 'Watch on YouTube', 'https://www.youtube.com/watch?v=LXASEw-WFq8', 30),
  ('brain-fog-part-1', 'Watch on Rumble', 'https://rumble.com/v74kzcw-episode-1-brain-fog-part-1-is-your-brain-in-a-fog.html', 40),
  ('brain-fog-part-2', 'Watch on Vimeo', 'https://vimeo.com/1159441883', 10),
  ('brain-fog-part-2', 'Listen on Spotify', 'https://open.spotify.com/episode/19Pct0ClX3j1EOwJ3ySVd7?si=M-QzbWkcSpq7ykUaqQY7UA', 20),
  ('brain-fog-part-2', 'Watch on YouTube', 'https://youtu.be/s740_XVTaAY', 30),
  ('brain-fog-part-2', 'Watch on Rumble', 'https://rumble.com/v74l0km-episode-brain-fog-part-2-testing-and-basic-solutions-for-brain-fog.html', 40),
  ('episode-3-insomnia', 'Watch on Vimeo', 'https://vimeo.com/1179740758', 10),
  ('episode-3-insomnia', 'Listen on Spotify', 'https://open.spotify.com/episode/07OHz4sfbefOORcNi9xaUK?si=LsWv5o7LR0mccsYnO8HFRQ', 20),
  ('episode-3-insomnia', 'Watch on YouTube', 'https://www.youtube.com/watch?v=59r5XFynaDo', 30),
  ('episode-3-insomnia', 'Watch on Rumble', 'https://rumble.com/v77zlls-episode-3-insomnia.html', 40),
  ('episode-4-emf', 'Watch on Vimeo', 'https://vimeo.com/1179956166', 10),
  ('episode-4-emf', 'Listen on Spotify', 'https://open.spotify.com/episode/0aDVuIwrRlDKxEylMj2dyw?si=TH13bzEJTqWQ6LJUkIm9Cw', 20),
  ('episode-4-emf', 'Watch on YouTube', 'https://youtu.be/X8WChChyh9c', 30),
  ('episode-4-emf', 'Watch on Rumble', 'https://rumble.com/v780pxq-episode-4-emf.html', 40)
on conflict (episode_slug, url) do update set
  label = excluded.label,
  display_order = excluded.display_order;

insert into public.affiliate_categories (slug, label, description, display_order) values
  ('emf-rf-protection', 'EMF / RF Protection', $$Wearable, room, testing, and shielding tools connected to Dr. M's EMF and environmental-exposure conversations.$$, 10),
  ('sleep-light-environment', 'Sleep & Light Environment', $$Light-hygiene and circadian-support tools for sleep, insomnia, and evening routines.$$, 20),
  ('home-environment', 'Home Environment', $$Assessment and mitigation resources for home, bedroom, work, and travel environments.$$, 30),
  ('homeopathics-supplements', 'Homeopathics & Supplements', $$Homeopathic, drainage, detoxification, and supplement resources that need stronger clinical context.$$, 40),
  ('supplements', 'Supplements', $$Supplement dispensaries and product lines connected to functional-medicine and episode follow-up topics.$$, 50)
on conflict (slug) do update set
  label = excluded.label,
  description = excluded.description,
  display_order = excluded.display_order;

insert into public.affiliate_products (
  slug,
  category_slug,
  brand,
  name,
  summary,
  drm_thoughts,
  purchase_note,
  caution_note,
  affiliate_url,
  direct_url,
  coupon_code,
  discount_note,
  sort_order,
  date_added,
  last_reviewed,
  source_note
) values
  (
    'airestech',
    'emf-rf-protection',
    'Airestech',
    'EMF and RF Protection Devices',
    $$Wearable, phone, and room-focused EMF/RF protection devices for listeners who want a practical way to reduce exposure in daily environments.$$,
    $$Dr. M started using an Airestech Zone after years of EMF/RF-related headaches at his Bellevue clinic. After trying shielding paint and even a Swiss Shield canopy, he found the Zone helped enough that he now wears it daily and travels with it.$$,
    null,
    null,
    'https://airestech.com/davidmusnick',
    null,
    'DRDMUSNICK',
    'Use code DRDMUSNICK for at least 25% savings.',
    10,
    '2026-06-17',
    '2026-06-17',
    'David Musnick forwarded affiliate setup notes for Airestech.'
  ),
  (
    'block-blue-light',
    'sleep-light-environment',
    'BlockBlueLight',
    'Blue Light Blocking Glasses & Sleep Lighting',
    $$Blue-light blocking glasses, sleep-friendly reading lights, and home lighting products for reducing artificial light exposure in the evening.$$,
    $$Dr. M likes this as a practical sleep-hygiene tool: glasses and lighting that make it easier to wind down without flooding the eyes with bright blue light before bed.$$,
    null,
    null,
    'https://www.blockbluelight.com/?ref=drmexperienced',
    null,
    null,
    'Listener discount is applied through the affiliate link.',
    20,
    '2026-06-17',
    '2026-06-17',
    'Existing affiliate entry reviewed during affiliate catalog pass.'
  ),
  (
    'safe-living-technologies',
    'home-environment',
    'Safe Living Technologies',
    'EMF Testing & Shielding Tools',
    $$EMF meters, testing resources, and shielding products for people who want a more concrete look at their home or work environment.$$,
    $$Dr. M flagged Safe Living Technologies for EMF testing and shielding, especially for listeners who want to measure first and make practical changes based on what they find.$$,
    null,
    null,
    null,
    'https://safelivingtechnologies.com/',
    'DrMExperienced',
    null,
    30,
    '2026-06-17',
    '2026-06-17',
    'Existing EMF resource reviewed against current episode context.'
  ),
  (
    'desbio-dbscript',
    'homeopathics-supplements',
    'DesBio / DBscript',
    'Homeopathic and Drainage Product Access',
    $$A DBscript store for DesBio homeopathic and supplement products that Dr. M may reference for emotional support, drainage, detoxification, and functional-medicine conversations.$$,
    $$Dr. M describes DesBio as a leading source for homeopathic products used in areas such as anxiety, mood, motivation, drainage, detoxification, and chronic-infection protocols.$$,
    'Open the DBscript link, then search for the product name.',
    $$DesBio also makes products for chronic viral, bacterial, and tickborne-infection protocols. Dr. M does not recommend those generically; review them through a consult or your own clinician.$$,
    null,
    'https://dbscript.com/?direct=DrMEx',
    null,
    null,
    40,
    '2026-06-17',
    '2026-06-17',
    'David Musnick forwarded DBscript setup and product-list notes.'
  ),
  (
    'best365labs',
    'supplements',
    'Best365Labs',
    'Methylene Blue & Brain/Energy Supplements',
    $$A supplement source Dr. M noted for methylene blue and other brain and energy related products.$$,
    $$Dr. M pointed to Best365Labs in the context of brain and energy support. These products should be considered in a clinical context, especially for people with medications, complex conditions, or sensitivity to supplements.$$,
    null,
    null,
    null,
    'https://best365labs.com/',
    'DrME',
    null,
    50,
    '2026-06-17',
    '2026-06-17',
    'Existing supplement resource reviewed during affiliate catalog pass.'
  ),
  (
    'doctors-supplement-store',
    'supplements',
    'Doctors Supplement Store',
    $$Dr. M's Experienced Supplement Dispensary$$,
    $$A DSS supplement dispensary for the Dr. M's Experienced audience, with thousands of high-quality practitioner-focused supplement products.$$,
    $$Dr. M flagged DSS as a way to give podcast listeners one place to research and purchase high-quality supplements connected to future show notes, webinars, and protocol discussions while keeping podcast activity organized.$$,
    $$This is the Dr. M's Experienced dispensary URL.$$,
    null,
    null,
    'https://dssorders.com/DrMExperienced',
    null,
    null,
    60,
    '2026-06-17',
    '2026-06-17',
    'David Musnick forwarded DSS dispensary URL and catalog notes.'
  ),
  (
    'abeytu-naturals',
    'supplements',
    'Abeytu Naturals',
    'Blood & Red Cell Support Supplements',
    $$A supplement company Dr. M highlighted for blood-health and red-cell function support.$$,
    $$Dr. M's note on Abeytu Naturals was centered on helping clean the blood and improve red-cell function. It may fit conversations about oxygen delivery and whole-body function, but listeners should review supplement choices with their own clinician.$$,
    null,
    null,
    'https://abeytunaturals.com/discount/DRDAVID10',
    'https://abeytunaturals.com/',
    'DRDAVID10',
    'Use code DRDAVID10 for 10% off.',
    70,
    '2026-06-17',
    '2026-06-17',
    'David Musnick forwarded Abeytu discount and blood-health notes.'
  )
on conflict (slug) do update set
  category_slug = excluded.category_slug,
  brand = excluded.brand,
  name = excluded.name,
  summary = excluded.summary,
  drm_thoughts = excluded.drm_thoughts,
  purchase_note = excluded.purchase_note,
  caution_note = excluded.caution_note,
  affiliate_url = excluded.affiliate_url,
  direct_url = excluded.direct_url,
  coupon_code = excluded.coupon_code,
  discount_note = excluded.discount_note,
  sort_order = excluded.sort_order,
  last_reviewed = excluded.last_reviewed,
  source_note = excluded.source_note,
  updated_at = now();

insert into public.affiliate_product_reasons (product_slug, display_order, body) values
  ('airestech', 10, $$Includes wearable options as well as room-level devices, so listeners can match the tool to the exposure setting.$$),
  ('airestech', 20, $$Relevant for people following Dr. M's EMF/RF discussions and wanting a product source to research.$$),
  ('airestech', 30, $$The current partner link and code are active through Airestech's partner program.$$),
  ('block-blue-light', 10, $$Useful for listeners working on insomnia, circadian rhythm, and evening screen or light exposure.$$),
  ('block-blue-light', 20, $$Includes both wearable glasses and room-level lighting options, so people can address more than one source of nighttime light.$$),
  ('block-blue-light', 30, $$The referral link applies the listener discount automatically.$$),
  ('safe-living-technologies', 10, $$Focused on assessment tools as well as shielding products.$$),
  ('safe-living-technologies', 20, $$Pairs well with a measured, room-by-room approach to reducing exposure instead of guessing.$$),
  ('safe-living-technologies', 30, $$Useful for listeners following the EMF episode and wanting product sources to research.$$),
  ('desbio-dbscript', 10, $$The direct DBscript link gives listeners one place to search for DesBio products Dr. M mentions.$$),
  ('desbio-dbscript', 20, $$The line includes broadly relevant emotional-support, drainage, detox, and brain-support formulas.$$),
  ('desbio-dbscript', 30, $$It can support future podcast follow-up without turning an episode page into a full treatment protocol.$$),
  ('best365labs', 10, $$Relevant to the brain fog and energy conversations already covered on the show.$$),
  ('best365labs', 20, $$Gives listeners one named source to research when methylene blue or mitochondrial-support topics come up.$$),
  ('best365labs', 30, $$Includes a public listener code for the Dr. M's Experienced audience.$$),
  ('doctors-supplement-store', 10, $$Broad supplement catalog rather than a single-product line.$$),
  ('doctors-supplement-store', 20, $$Separate Dr. M's Experienced dispensary URL keeps podcast-related supplement activity organized.$$),
  ('doctors-supplement-store', 30, $$Useful as a central destination when future episodes or webinars mention supplement categories.$$),
  ('abeytu-naturals', 10, $$Connects to the broader functional-medicine lens of oxygen delivery, circulation, and cellular function.$$),
  ('abeytu-naturals', 20, $$The public discount link gives listeners a straightforward way to find the line Dr. M referenced.$$),
  ('abeytu-naturals', 30, $$A useful category to discuss when red-cell function is part of a larger health plan.$$)
on conflict (product_slug, display_order) do update set body = excluded.body;

insert into public.affiliate_product_use_cases (product_slug, display_order, body) values
  ('airestech', 10, $$Wearable EMF/RF exposure support$$),
  ('airestech', 20, $$Cell-phone exposure mitigation$$),
  ('airestech', 30, $$Bedroom and hotel-room protection$$),
  ('airestech', 40, $$Larger-room protection with the Zone Max$$),
  ('block-blue-light', 10, $$Evening screen use$$),
  ('block-blue-light', 20, $$Reading before bed$$),
  ('block-blue-light', 30, $$Sleep-supportive home lighting$$),
  ('block-blue-light', 40, $$Circadian rhythm and insomnia routines$$),
  ('safe-living-technologies', 10, $$Home EMF testing$$),
  ('safe-living-technologies', 20, $$Bedroom and workspace assessment$$),
  ('safe-living-technologies', 30, $$Shielding product research$$),
  ('safe-living-technologies', 40, $$Reducing avoidable environmental exposures$$),
  ('desbio-dbscript', 10, $$Emotional-support product research$$),
  ('desbio-dbscript', 20, $$Drainage and detoxification conversations$$),
  ('desbio-dbscript', 30, $$Brain and nervous-system support topics$$),
  ('desbio-dbscript', 40, $$Clinician-guided chronic-infection protocol discussions$$),
  ('best365labs', 10, $$Brain-support supplement research$$),
  ('best365labs', 20, $$Energy and mitochondrial support conversations$$),
  ('best365labs', 30, $$Brain fog protocol discussions with a clinician$$),
  ('best365labs', 40, $$Functional medicine supplement planning$$),
  ('doctors-supplement-store', 10, $$Practitioner-grade supplement research$$),
  ('doctors-supplement-store', 20, $$Podcast and webinar follow-up resources$$),
  ('doctors-supplement-store', 30, $$Brain, immune, orthopedic, and functional-medicine supplement categories$$),
  ('doctors-supplement-store', 40, $$Centralized supplement ordering for listeners$$),
  ('abeytu-naturals', 10, $$Blood-health supplement research$$),
  ('abeytu-naturals', 20, $$Red-cell function conversations$$),
  ('abeytu-naturals', 30, $$Oxygen-delivery and circulation support discussions$$),
  ('abeytu-naturals', 40, $$Clinician-guided supplement planning$$)
on conflict (product_slug, display_order) do update set body = excluded.body;

insert into public.affiliate_product_featured_items (product_slug, display_order, label) values
  ('airestech', 10, 'Go'),
  ('airestech', 20, 'Flex'),
  ('airestech', 30, 'Zone'),
  ('airestech', 40, 'Zone Max'),
  ('desbio-dbscript', 10, 'Esteem'),
  ('desbio-dbscript', 20, 'Rage'),
  ('desbio-dbscript', 30, 'Anxious'),
  ('desbio-dbscript', 40, 'Motivation'),
  ('desbio-dbscript', 50, 'Grief'),
  ('desbio-dbscript', 60, 'Adrenal Support'),
  ('desbio-dbscript', 70, 'Allergy Rescue'),
  ('desbio-dbscript', 80, 'Appetite Control'),
  ('desbio-dbscript', 90, 'Celergesic'),
  ('desbio-dbscript', 100, 'Cerebromax'),
  ('desbio-dbscript', 110, 'Comprehensive Homeopathic Detox Kit'),
  ('desbio-dbscript', 120, 'Crave Control'),
  ('desbio-dbscript', 130, 'Dizzy'),
  ('desbio-dbscript', 140, 'Dynamic Brain'),
  ('desbio-dbscript', 150, 'Ear Ring'),
  ('desbio-dbscript', 160, 'Emotional Detox and Drainage'),
  ('desbio-dbscript', 170, 'GLP Support'),
  ('desbio-dbscript', 180, 'Headache'),
  ('desbio-dbscript', 190, 'HeadSSR'),
  ('desbio-dbscript', 200, 'Herx'),
  ('desbio-dbscript', 210, 'Leaky Gut Formula')
on conflict (product_slug, display_order) do update set label = excluded.label;

insert into public.affiliate_product_episode_links (product_slug, episode_slug, link_reason) values
  ('airestech', 'episode-4-emf', 'EMF/RF episode'),
  ('block-blue-light', 'episode-3-insomnia', 'sleep and light hygiene'),
  ('block-blue-light', 'episode-4-emf', 'EMF/light-environment crossover'),
  ('safe-living-technologies', 'episode-4-emf', 'EMF testing and shielding'),
  ('desbio-dbscript', 'brain-fog-part-1', 'brain fog and root-cause support'),
  ('desbio-dbscript', 'brain-fog-part-2', 'brain fog and root-cause support'),
  ('best365labs', 'brain-fog-part-1', 'brain and energy support'),
  ('best365labs', 'brain-fog-part-2', 'brain and energy support')
on conflict (product_slug, episode_slug) do update set link_reason = excluded.link_reason;

insert into public.affiliate_product_auto_topics (product_slug, topic_slug) values
  ('airestech', 'emf'),
  ('block-blue-light', 'sleep'),
  ('block-blue-light', 'insomnia'),
  ('safe-living-technologies', 'emf'),
  ('desbio-dbscript', 'brain-fog'),
  ('desbio-dbscript', 'mood'),
  ('desbio-dbscript', 'detox'),
  ('desbio-dbscript', 'drainage'),
  ('desbio-dbscript', 'chronic-infection'),
  ('best365labs', 'brain-fog'),
  ('best365labs', 'energy'),
  ('best365labs', 'mitochondria'),
  ('abeytu-naturals', 'blood-health'),
  ('abeytu-naturals', 'red-cell-function'),
  ('abeytu-naturals', 'circulation')
on conflict (product_slug, topic_slug) do nothing;

insert into public.affiliate_product_tags (product_slug, tag_slug) values
  ('airestech', 'emf'),
  ('airestech', 'rf'),
  ('airestech', 'wearable'),
  ('airestech', 'room-protection'),
  ('airestech', 'travel'),
  ('block-blue-light', 'sleep'),
  ('block-blue-light', 'insomnia'),
  ('block-blue-light', 'circadian-rhythm'),
  ('block-blue-light', 'light-hygiene'),
  ('safe-living-technologies', 'emf'),
  ('safe-living-technologies', 'shielding'),
  ('safe-living-technologies', 'testing'),
  ('safe-living-technologies', 'home-environment'),
  ('desbio-dbscript', 'homeopathics'),
  ('desbio-dbscript', 'desbio'),
  ('desbio-dbscript', 'detox'),
  ('desbio-dbscript', 'drainage'),
  ('desbio-dbscript', 'brain-health'),
  ('best365labs', 'brain-health'),
  ('best365labs', 'energy'),
  ('best365labs', 'mitochondria'),
  ('best365labs', 'supplements'),
  ('doctors-supplement-store', 'supplements'),
  ('doctors-supplement-store', 'dispensary'),
  ('doctors-supplement-store', 'brain-health'),
  ('doctors-supplement-store', 'immune-support'),
  ('doctors-supplement-store', 'orthopedics'),
  ('abeytu-naturals', 'blood-health'),
  ('abeytu-naturals', 'red-cell-function'),
  ('abeytu-naturals', 'circulation'),
  ('abeytu-naturals', 'supplements')
on conflict (product_slug, tag_slug) do nothing;
