-- Seed the current Dr. M's Experienced public content catalog.

insert into public.content_topics (slug, label) values
  ('brain-fog', 'brain-fog'),
  ('brain-health', 'brain-health'),
  ('functional-medicine', 'functional-medicine'),
  ('sleep', 'sleep'),
  ('insomnia', 'insomnia'),
  ('emf', 'emf'),
  ('mood', 'mood'),
  ('detox', 'detox'),
  ('drainage', 'drainage'),
  ('chronic-infection', 'chronic-infection'),
  ('energy', 'energy'),
  ('mitochondria', 'mitochondria'),
  ('fatigue', 'fatigue'),
  ('mitochondrial-health', 'mitochondrial-health'),
  ('concussion', 'concussion'),
  ('traumatic-brain-injury', 'traumatic-brain-injury'),
  ('neuroinflammation', 'neuroinflammation'),
  ('blood-brain-barrier', 'blood-brain-barrier'),
  ('brain-autoimmunity', 'brain-autoimmunity'),
  ('blood-health', 'blood-health'),
  ('red-cell-function', 'red-cell-function'),
  ('circulation', 'circulation')
on conflict (slug) do update set label = excluded.label;

insert into public.episodes (
  slug,
  episode_number,
  title,
  publish_date,
  duration_minutes,
  summary,
  audio_url,
  vimeo_id,
  spotify_id,
  youtube_id,
  thumbnail_url
) values
  (
    'brain-fog-part-1',
    1,
    $$Brain Fog - Part 1 - Is Your Brain in a Fog?$$,
    '2026-01-20',
    17,
    $$Dr. David Musnick (Dr. M), board-certified in Internal Medicine and Sports Medicine with 35+ years in regenerative and functional medicine, dives straight into one of the most common complaints he sees: brain fog.$$,
    'https://anchor.fm/s/10e1b0328/podcast/play/114269977/https%3A%2F%2Fd3ctxlq1ktw2nl.cloudfront.net%2Fstaging%2F2026-0-20%2F416465462-44100-2-550a8bb9b34f.mp3',
    '1156414707',
    '7cAdb8GE4khC9EYKAjmYuc',
    'LXASEw-WFq8',
    'https://vumbnail.com/1156414707.jpg'
  ),
  (
    'brain-fog-part-2',
    2,
    $$Brain Fog Part 2 - Testing & Basic Solutions for Brain Fog$$,
    '2026-01-27',
    20,
    $$Dr. David Musnick (Dr. M) picks up where Part 1 left off and gets specific about which tests make sense for brain fog and which basics help almost everyone.$$,
    'https://anchor.fm/s/10e1b0328/podcast/play/114270231/https%3A%2F%2Fd3ctxlq1ktw2nl.cloudfront.net%2Fstaging%2F2026-0-20%2F416465800-44100-2-7f319cbf0397f.mp3',
    '1159441883',
    '19Pct0ClX3j1EOwJ3ySVd7',
    's740_XVTaAY',
    'https://vumbnail.com/1159441883.jpg'
  ),
  (
    'episode-3-insomnia',
    3,
    $$Insomnia$$,
    '2026-04-03',
    20,
    $$Dr. M breaks down insomnia and sleep: difficulty falling or staying asleep, types of insomnia, and why 7+ hours of quality sleep matters for reducing inflammation in your brain and body-plus practical tools for wind-down, caffeine timing, natural supports, and more.$$,
    'https://anchor.fm/s/10e1b0328/podcast/play/117879952/https%3A%2F%2Fd3ctxlq1ktw2nl.cloudfront.net%2Fstaging%2F2026-3-3%2F421308982-44100-2-82d5d3a22b087.mp3',
    '1179740758',
    '07OHz4sfbefOORcNi9xaUK',
    '59r5XFynaDo',
    'https://vumbnail.com/1179740758.jpg'
  ),
  (
    'episode-4-emf',
    4,
    $$Electro.Magnetic.Frequencies$$,
    '2026-04-03',
    19,
    $$Dr. Musnick explains how RF, EMF, and electrical fields affect the brain and blood-brain barrier-and practical steps to reduce exposure from phones, WiFi, Bluetooth, vehicles, and smart meters.$$,
    'https://anchor.fm/s/10e1b0328/podcast/play/117921586/https%3A%2F%2Fd3ctxlq1ktw2nl.cloudfront.net%2Fstaging%2F2026-3-3%2F421362576-44100-2-9087d508e502c.mp3',
    '1179956166',
    '0aDVuIwrRlDKxEylMj2dyw',
    'X8WChChyh9c',
    'https://vumbnail.com/1179956166.jpg'
  ),
  (
    'episode-5-energy',
    5,
    $$Energy$$,
    '2026-06-26',
    31,
    $$Dr. M takes a functional-medicine look at energy, fatigue, and mitochondrial health, including sleep, inflammation, viral reactivation, infections, mold, heavy metals, hormones, organ stress, and practical supports for ATP production.$$,
    'https://anchor.fm/s/10e1b0328/podcast/play/122043282/https%3A%2F%2Fd3ctxlq1ktw2nl.cloudfront.net%2Fstaging%2F2026-5-26%2F426898712-44100-2-c5449a97f5849.mp3',
    '1204939658',
    '6fQAClcR4AAuueHjBNlrJC',
    'JyBK6KtOo_k',
    'https://vumbnail.com/1204939658.jpg'
  ),
  (
    'episode-6-concussion-and-pathophysiology',
    6,
    $$Concussion and Pathophysiology$$,
    '2026-06-26',
    20,
    $$Dr. Musnick explains concussion and traumatic brain injury mechanisms, from neural shearing, excitotoxicity, neuroinflammation, oxidative stress, hypoxia, and blood-brain barrier disruption to persistent symptoms and recovery pathways.$$,
    'https://anchor.fm/s/10e1b0328/podcast/play/122043520/https%3A%2F%2Fd3ctxlq1ktw2nl.cloudfront.net%2Fstaging%2F2026-5-26%2F426898995-44100-2-cec8a1642ebff.mp3',
    '1204939692',
    '7MbKWgPZN40KEyN5j123JC',
    'odNrtPEuong',
    'https://vumbnail.com/1204939692.jpg'
  ),
  (
    'episode-7-the-brain-on-fire',
    7,
    $$The Brain on Fire$$,
    '2026-06-26',
    21,
    $$Dr. Musnick continues the brain-injury series with a focused look at the inflamed brain, including concussion, traumatic brain injury, neuroinflammation, oxidative stress, blood-brain barrier disruption, brain autoimmunity, hormone and mitochondrial effects, and persistent symptoms.$$,
    'https://anchor.fm/s/10e1b0328/podcast/play/122048195/https%3A%2F%2Fd3ctxlq1ktw2nl.cloudfront.net%2Fstaging%2F2026-5-27%2F426905640-44100-2-7853f297ffd2e.mp3',
    '1205004739',
    '5QJlHSE6JhP3ymSCNzbWxv',
    '3IVDJqwT2yY',
    'https://vumbnail.com/1205004739.jpg'
  )
on conflict (slug) do update set
  episode_number = excluded.episode_number,
  title = excluded.title,
  publish_date = excluded.publish_date,
  duration_minutes = excluded.duration_minutes,
  summary = excluded.summary,
  audio_url = excluded.audio_url,
  vimeo_id = excluded.vimeo_id,
  spotify_id = excluded.spotify_id,
  youtube_id = excluded.youtube_id,
  thumbnail_url = excluded.thumbnail_url,
  updated_at = now();

insert into public.episode_topics (episode_slug, topic_slug) values
  ('brain-fog-part-1', 'brain-fog'),
  ('brain-fog-part-1', 'brain-health'),
  ('brain-fog-part-1', 'functional-medicine'),
  ('brain-fog-part-2', 'brain-fog'),
  ('brain-fog-part-2', 'brain-health'),
  ('brain-fog-part-2', 'functional-medicine'),
  ('episode-3-insomnia', 'sleep'),
  ('episode-3-insomnia', 'insomnia'),
  ('episode-3-insomnia', 'functional-medicine'),
  ('episode-4-emf', 'emf'),
  ('episode-4-emf', 'brain-health'),
  ('episode-4-emf', 'functional-medicine'),
  ('episode-5-energy', 'energy'),
  ('episode-5-energy', 'mitochondria'),
  ('episode-5-energy', 'fatigue'),
  ('episode-5-energy', 'mitochondrial-health'),
  ('episode-5-energy', 'functional-medicine'),
  ('episode-6-concussion-and-pathophysiology', 'concussion'),
  ('episode-6-concussion-and-pathophysiology', 'traumatic-brain-injury'),
  ('episode-6-concussion-and-pathophysiology', 'brain-health'),
  ('episode-6-concussion-and-pathophysiology', 'neuroinflammation'),
  ('episode-6-concussion-and-pathophysiology', 'functional-medicine'),
  ('episode-7-the-brain-on-fire', 'concussion'),
  ('episode-7-the-brain-on-fire', 'traumatic-brain-injury'),
  ('episode-7-the-brain-on-fire', 'brain-health'),
  ('episode-7-the-brain-on-fire', 'neuroinflammation'),
  ('episode-7-the-brain-on-fire', 'blood-brain-barrier'),
  ('episode-7-the-brain-on-fire', 'brain-autoimmunity'),
  ('episode-7-the-brain-on-fire', 'functional-medicine')
on conflict (episode_slug, topic_slug) do nothing;

insert into public.episode_references (episode_slug, label, url, display_order) values
  ('brain-fog-part-1', 'Watch on Vimeo', 'https://vimeo.com/1156414707', 10),
  ('brain-fog-part-1', 'Listen on Spotify', 'https://open.spotify.com/episode/7cAdb8GE4khC9EYKAjmYuc?si=WaXbSZb9RMOijYCs68s1nQ', 20),
  ('brain-fog-part-1', 'Watch on YouTube', 'https://www.youtube.com/watch?v=LXASEw-WFq8', 30),
  ('brain-fog-part-1', 'Watch on Rumble', 'https://rumble.com/v74kzcw-episode-1-brain-fog-part-1-is-your-brain-in-a-fog.html', 40),
  ('brain-fog-part-2', 'Watch on Vimeo', 'https://vimeo.com/1159441883', 10),
  ('brain-fog-part-2', 'Listen on Spotify', 'https://open.spotify.com/episode/19Pct0ClX3j1EOwJ3ySVd7?si=M-QzbWkcSpq7ykUaqQY7UA', 20),
  ('brain-fog-part-2', 'Watch on YouTube', 'https://youtu.be/s740_XVTaAY', 30),
  ('brain-fog-part-2', 'Watch on Rumble', 'https://rumble.com/v74l0km-episode-brain-fog-part-2-testing-and-basic-solutions-for-brain-fog.html', 40),
  ('episode-3-insomnia', 'Watch on Vimeo', 'https://vimeo.com/1179740758', 10),
  ('episode-3-insomnia', 'Listen on Spotify', 'https://open.spotify.com/episode/07OHz4sfbefOORcNi9xaUK?si=LsWv5o7LR0mccsYnO8HFRQ', 20),
  ('episode-3-insomnia', 'Watch on YouTube', 'https://www.youtube.com/watch?v=59r5XFynaDo', 30),
  ('episode-3-insomnia', 'Watch on Rumble', 'https://rumble.com/v77zlls-episode-3-insomnia.html', 40),
  ('episode-4-emf', 'Watch on Vimeo', 'https://vimeo.com/1179956166', 10),
  ('episode-4-emf', 'Listen on Spotify', 'https://open.spotify.com/episode/0aDVuIwrRlDKxEylMj2dyw?si=TH13bzEJTqWQ6LJUkIm9Cw', 20),
  ('episode-4-emf', 'Watch on YouTube', 'https://youtu.be/X8WChChyh9c', 30),
  ('episode-4-emf', 'Watch on Rumble', 'https://rumble.com/v780pxq-episode-4-emf.html', 40),
  ('episode-5-energy', 'Watch on Vimeo', 'https://vimeo.com/1204939658', 10),
  ('episode-5-energy', 'Listen on Spotify', 'https://open.spotify.com/episode/6fQAClcR4AAuueHjBNlrJC', 20),
  ('episode-5-energy', 'Watch on YouTube', 'https://www.youtube.com/watch?v=JyBK6KtOo_k', 30),
  ('episode-5-energy', 'Watch on Rumble', 'https://rumble.com/v7bvj32-episode-5-electro.magnetic.frequencies.html', 40),
  ('episode-6-concussion-and-pathophysiology', 'Watch on Vimeo', 'https://vimeo.com/1204939692', 10),
  ('episode-6-concussion-and-pathophysiology', 'Listen on Spotify', 'https://open.spotify.com/episode/7MbKWgPZN40KEyN5j123JC', 20),
  ('episode-6-concussion-and-pathophysiology', 'Watch on YouTube', 'https://www.youtube.com/watch?v=odNrtPEuong', 30),
  ('episode-6-concussion-and-pathophysiology', 'Watch on Rumble', 'https://rumble.com/v7bvk8i-episode-6-concussion-and-pathophysiology.html', 40),
  ('episode-7-the-brain-on-fire', 'Watch on Vimeo', 'https://vimeo.com/1205004739', 10),
  ('episode-7-the-brain-on-fire', 'Listen on Spotify', 'https://open.spotify.com/episode/5QJlHSE6JhP3ymSCNzbWxv', 20),
  ('episode-7-the-brain-on-fire', 'Watch on YouTube', 'https://www.youtube.com/watch?v=3IVDJqwT2yY', 30),
  ('episode-7-the-brain-on-fire', 'Watch on Rumble', 'https://rumble.com/v7bvtu4-episode-7-the-brain-on-fire.html', 40)
on conflict (episode_slug, url) do update set
  label = excluded.label,
  display_order = excluded.display_order;

insert into public.episode_key_takeaways (episode_slug, display_order, body) values
  ($$brain-fog-part-1$$, 10, $$Brain fog is not normal at any age and indicates underlying dysfunction.$$),
  ($$brain-fog-part-1$$, 20, $$Core mechanisms include brain inflammation, dysfunctional microglia, and neurotransmitter issues.$$),
  ($$brain-fog-part-1$$, 30, $$Ignoring brain fog can lead to headaches, chronic fatigue, and cognitive decline.$$),
  ($$brain-fog-part-1$$, 40, $$Root causes range from excitotoxins (MSG & aspartame) to infections, heavy metals, and EMFs.$$),
  ($$brain-fog-part-1$$, 50, $$Functional testing to find root causes is essential rather than masking symptoms.$$),
  ($$brain-fog-part-2$$, 10, $$Brain fog reflects brain dysfunction with inflammation and slowed neurotransmission, not just being "tired" or "off."$$),
  ($$brain-fog-part-2$$, 20, $$Episodes of brain fog lasting more than 15–20 minutes, especially with memory, focus, or speech issues, need proper evaluation.$$),
  ($$brain-fog-part-2$$, 30, $$High-titer Epstein-Barr virus reactivation and mold/mycotoxins are common hidden drivers of persistent brain fog.$$),
  ($$brain-fog-part-2$$, 40, $$Standard EBV testing is often insufficient—full panels and correct cutoffs are required to see reactivation.$$),
  ($$brain-fog-part-2$$, 50, $$Foundational steps like sleep, exercise, EMF reduction, and toxin avoidance protect the brain while deeper root-cause work is underway.$$),
  ($$episode-3-insomnia$$, 10, $$Insomnia includes trouble falling asleep, staying asleep, or not getting enough hours—7+ hours of quality sleep helps reduce brain and body inflammation.$$),
  ($$episode-3-insomnia$$, 20, $$Aim to fall asleep in under 20 minutes; consistent bedtime (often 9–10 PM for adults) supports full 90-minute sleep cycles.$$),
  ($$episode-3-insomnia$$, 30, $$Blue-light blocking, wind-down routines, caffeine timing, and stress tools (mind dump, EFT tapping) can materially improve sleep.$$),
  ($$episode-3-insomnia$$, 40, $$Natural supports may include properly timed melatonin and homeopathy; antihistamines and alcohol often disrupt sleep architecture.$$),
  ($$episode-4-emf$$, 10, $$RF (phones, WiFi, Bluetooth, 5G), EMF from appliances/EVs, and electrical fields from wiring can affect the blood-brain barrier and contribute to brain fog, headaches, insomnia, and inflammation.$$),
  ($$episode-4-emf$$, 20, $$Mitigation starts with wired peripherals, airplane mode or distance from the phone at night, Ethernet + WiFi off overnight, and turning off Bluetooth/WiFi when idle.$$),
  ($$episode-4-emf$$, 30, $$Cars—especially EVs and hybrids—benefit from EMF testing before purchase; smart meters can be opted out or shielded.$$),
  ($$episode-4-emf$$, 40, $$Meters (e.g. Safe and Sound II, Tri-Field) help you measure home, car, and workplace; shielding, clothing, and pro assessments may help sensitive individuals.$$),
  ($$episode-5-energy$$, 10, $$Low energy is often more complex than being tired; sleep, sleep apnea, inflammation, infections, mold, heavy metals, hormones, and organ stress can all contribute.$$),
  ($$episode-5-energy$$, 20, $$Mitochondrial function and ATP production are central to daily vitality, resilience, and recovery.$$),
  ($$episode-5-energy$$, 30, $$Energy work starts with root-cause investigation instead of assuming a single supplement or stimulant will solve fatigue.$$),
  ($$episode-5-energy$$, 40, $$Foundational support can include grounding, better sleep, methylated B vitamins, magnesium, zinc, copper, CoQ10, NAD support, PQQ, and methylene blue when appropriate.$$),
  ($$episode-5-energy$$, 50, $$Supplement and testing decisions should be personalized with a clinician, especially when fatigue is persistent or complex.$$),
  ($$episode-6-concussion-and-pathophysiology$$, 10, $$Concussion care should go beyond simply ruling out a brain bleed and telling someone to rest.$$),
  ($$episode-6-concussion-and-pathophysiology$$, 20, $$Brain injury mechanisms can include structural injury, neural shearing, excitotoxicity, neuroinflammation, oxidative stress, hypoxia, and blood-brain barrier disruption.$$),
  ($$episode-6-concussion-and-pathophysiology$$, 30, $$Persistent symptoms may involve brain autoimmunity, hormone and pituitary effects, vagus nerve dysfunction, mitochondrial dysfunction, protein folding abnormalities, and gut microbiome changes.$$),
  ($$episode-6-concussion-and-pathophysiology$$, 40, $$Brain fog, headache, dizziness, emotional instability, fatigue, sleepiness, and brain-based fatigue can persist even when the person did not directly hit their head.$$),
  ($$episode-6-concussion-and-pathophysiology$$, 50, $$The episode lays the mechanism foundation for future concussion recovery conversations and does not replace individualized medical evaluation.$$),
  ($$episode-7-the-brain-on-fire$$, 10, $$The brain-on-fire frame centers on neuroinflammation and the downstream effects of concussion or traumatic brain injury.$$),
  ($$episode-7-the-brain-on-fire$$, 20, $$Brain injury can involve structural injury, neural shearing, excitotoxicity, oxidative stress, hypoxia, and blood-brain barrier disruption.$$),
  ($$episode-7-the-brain-on-fire$$, 30, $$Persistent symptoms may be driven by brain autoimmunity, hormone and pituitary effects, vagus nerve dysfunction, mitochondrial dysfunction, and gut-brain changes.$$),
  ($$episode-7-the-brain-on-fire$$, 40, $$Brain fog, headache, dizziness, emotional instability, fatigue, sleepiness, and brain-based fatigue can continue even when there was no direct head impact.$$),
  ($$episode-7-the-brain-on-fire$$, 50, $$This episode reinforces the need for personalized evaluation and recovery planning after concussion or head injury.$$)
on conflict (episode_slug, display_order) do update set body = excluded.body;

insert into public.episode_checklist_items (episode_slug, display_order, body) values
  ($$brain-fog-part-1$$, 10, $$Eat organic, grass-fed, add parsley (for apigenin to calm microglia).$$),
  ($$brain-fog-part-1$$, 20, $$Prioritize 7.5+ hours of quality sleep.$$),
  ($$brain-fog-part-1$$, 30, $$Exercise daily to boost BDNF.$$),
  ($$brain-fog-part-1$$, 40, $$Reduce EMFs (WiFi off at night, phone away from head).$$),
  ($$brain-fog-part-1$$, 50, $$Avoid plastics and hidden toxins.$$),
  ($$episode-5-energy$$, 10, $$Start with sleep quality and screen for sleep apnea when fatigue persists.$$),
  ($$episode-5-energy$$, 20, $$Look for inflammatory, infectious, mold, heavy-metal, hormone, thyroid, adrenal, liver, kidney, and mitochondrial contributors.$$),
  ($$episode-5-energy$$, 30, $$Support ATP production with clinician-guided nutrition and supplement choices.$$),
  ($$episode-5-energy$$, 40, $$Use grounding, sleep improvement, and mitochondrial support as part of a broader root-cause plan.$$)
on conflict (episode_slug, display_order) do update set body = excluded.body;

insert into public.episode_sections (episode_slug, display_order, title) values
  ($$brain-fog-part-1$$, 10, $$What is brain fog?$$),
  ($$brain-fog-part-1$$, 20, $$Core mechanisms$$),
  ($$brain-fog-part-1$$, 30, $$Potential causes$$),
  ($$brain-fog-part-1$$, 40, $$First steps to fight back$$),
  ($$brain-fog-part-2$$, 10, $$When brain fog is serious$$),
  ($$brain-fog-part-2$$, 20, $$Key testing for hidden drivers$$),
  ($$brain-fog-part-2$$, 30, $$Imaging and when to escalate$$),
  ($$brain-fog-part-2$$, 40, $$Universal basics while you test$$),
  ($$episode-3-insomnia$$, 10, $$What insomnia is$$),
  ($$episode-3-insomnia$$, 20, $$Sleep maintenance and routine$$),
  ($$episode-3-insomnia$$, 30, $$Light, stress, and natural supports$$),
  ($$episode-4-emf$$, 10, $$Types of electromagnetic exposure$$),
  ($$episode-4-emf$$, 20, $$Brain and barrier$$),
  ($$episode-4-emf$$, 30, $$What to do today$$),
  ($$episode-5-energy$$, 10, $$Why fatigue is usually multi-factorial$$),
  ($$episode-5-energy$$, 20, $$Mitochondria and ATP$$),
  ($$episode-5-energy$$, 30, $$Support tools discussed$$),
  ($$episode-6-concussion-and-pathophysiology$$, 10, $$Why concussion needs more than rest$$),
  ($$episode-6-concussion-and-pathophysiology$$, 20, $$What happens in the brain$$),
  ($$episode-6-concussion-and-pathophysiology$$, 30, $$Symptoms that can persist$$),
  ($$episode-6-concussion-and-pathophysiology$$, 40, $$Foundation for recovery discussions$$),
  ($$episode-7-the-brain-on-fire$$, 10, $$The inflamed brain$$),
  ($$episode-7-the-brain-on-fire$$, 20, $$Mechanisms after injury$$),
  ($$episode-7-the-brain-on-fire$$, 30, $$Symptoms and patterns$$),
  ($$episode-7-the-brain-on-fire$$, 40, $$Use medical context$$)
on conflict (episode_slug, display_order) do update set title = excluded.title;

insert into public.episode_section_paragraphs (
  episode_slug,
  section_display_order,
  display_order,
  body
) values
  ($$brain-fog-part-1$$, 10, 10, $$Brain fog manifests as slow thinking, low mental energy, word-finding trouble, poor focus, and memory slips.$$),
  ($$brain-fog-part-1$$, 10, 20, $$It's not normal at any age and indicates underlying dysfunction that needs attention.$$),
  ($$brain-fog-part-1$$, 20, 10, $$Brain inflammation, dysfunctional microglia, and neurotransmitter issues are the primary mechanisms driving brain fog.$$),
  ($$brain-fog-part-1$$, 20, 20, $$Understanding these mechanisms helps guide targeted interventions rather than symptom masking.$$),
  ($$brain-fog-part-1$$, 30, 10, $$Dr. M outlines a comprehensive list: excitotoxins (MSG & aspartame), poor oxygen delivery, concussions, gluten/autoimmunity, blood sugar swings, hormones, mold, infections (EBV, Lyme, long COVID), heavy metals, EMFs, medications, and more.$$),
  ($$brain-fog-part-1$$, 30, 20, $$This wide range of causes underscores the importance of functional testing to identify root causes.$$),
  ($$brain-fog-part-1$$, 40, 10, $$Start with foundational interventions: eat organic, grass-fed foods, add parsley for apigenin to calm microglia.$$),
  ($$brain-fog-part-1$$, 40, 20, $$Prioritize 7.5+ hours of quality sleep, exercise daily to boost BDNF, reduce EMFs (WiFi off at night, phone away from head), and avoid plastics and hidden toxins.$$),
  ($$brain-fog-part-2$$, 10, 10, $$Brain fog is more serious when it comes with memory problems, poor focus, word-finding difficulty, or speech changes.$$),
  ($$brain-fog-part-2$$, 10, 20, $$Episodes that last longer than 15–20 minutes—especially when frequent—warrant careful evaluation rather than simple reassurance.$$),
  ($$brain-fog-part-2$$, 20, 10, $$Systemic inflammation markers and full Epstein-Barr virus panels (including VCA IgG/IgM, EBNA, and Early Antigen) can uncover reactivation that standard tests miss.$$),
  ($$brain-fog-part-2$$, 20, 20, $$Urine mycotoxin panels are appropriate when mold exposure is suspected, and homocysteine helps flag vascular stress on the brain.$$),
  ($$brain-fog-part-2$$, 30, 10, $$Brain MRI is not usually the first test for brain fog, but becomes important with progressive cognitive change or neurological red flags.$$),
  ($$brain-fog-part-2$$, 30, 20, $$Dr. M emphasizes matching the intensity of testing to symptom severity and pattern, not just ordering everything up front.$$),
  ($$brain-fog-part-2$$, 40, 10, $$While working up root causes, patients should still implement foundational brain-protective habits: 7.5+ hours of quality sleep, daily exercise to raise BDNF, and an organic/grass-fed diet.$$),
  ($$brain-fog-part-2$$, 40, 20, $$Other carry-overs from Part 1—parsley for apigenin, EMF reduction like turning WiFi off at night, and avoiding plastics/excitotoxins—remain essential.$$),
  ($$episode-3-insomnia$$, 10, 10, $$Dr. M defines insomnia as difficulty falling asleep, staying asleep, or getting insufficient sleep, and explains why adequate sleep duration matters for inflammation and recovery.$$),
  ($$episode-3-insomnia$$, 20, 10, $$Covers sleep-onset vs maintenance issues, teenagers’ delayed sleep phase, and building habits that help you fall back asleep when you wake at night.$$),
  ($$episode-3-insomnia$$, 30, 10, $$Discusses blue-light strategies, evening habits, morning light and daytime exercise, and cautious use of melatonin and homeopathic options—with product discount links in the show’s pinned comment where applicable.$$),
  ($$episode-4-emf$$, 10, 10, $$Dr. M outlines RF vs EMF vs electrical fields and where each shows up in daily life—from towers and earbuds to wiring and vehicles.$$),
  ($$episode-4-emf$$, 20, 10, $$How fields may stress the blood-brain barrier, symptoms that can follow, and why protecting sleep and barrier integrity matters for long-term brain health.$$),
  ($$episode-4-emf$$, 30, 10, $$Practical reduction strategies: hardwiring, nighttime WiFi habits, meter-based assessment, smart-meter choices, and resources referenced in pinned comments and show notes.$$),
  ($$episode-5-energy$$, 10, 10, $$Dr. M frames fatigue as a systems problem rather than a simple willpower or caffeine issue.$$),
  ($$episode-5-energy$$, 10, 20, $$Potential contributors include poor sleep, sleep apnea, inflammation, viral reactivation, Lyme and co-infections, mold exposure, heavy metals, hormone imbalance, adrenal and thyroid function, liver and kidney stress, and mitochondrial dysfunction.$$),
  ($$episode-5-energy$$, 20, 10, $$The episode connects daily energy to mitochondrial function and ATP production.$$),
  ($$episode-5-energy$$, 20, 20, $$Dr. M discusses why mitochondrial support can matter for vitality, resilience, and recovery, especially when fatigue has more than one driver.$$),
  ($$episode-5-energy$$, 30, 10, $$Practical support areas include grounding, improving sleep, methylated B vitamins, magnesium, zinc, copper, CoQ10, NAD support, PQQ, and methylene blue.$$),
  ($$episode-5-energy$$, 30, 20, $$These are presented as educational options to evaluate in a personalized medical context, not one-size-fits-all treatment instructions.$$),
  ($$episode-6-concussion-and-pathophysiology$$, 10, 10, $$Dr. M explains why concussion evaluation should not stop at ruling out bleeding or major structural danger.$$),
  ($$episode-6-concussion-and-pathophysiology$$, 10, 20, $$The episode focuses on the functional medicine mechanisms that can keep symptoms active after a head injury.$$),
  ($$episode-6-concussion-and-pathophysiology$$, 20, 10, $$Mechanisms discussed include neural shearing, excitotoxicity, neuroinflammation, oxidative stress, hypoxia, blood-brain barrier disruption, brain autoimmunity, hormone dysfunction, pituitary involvement, vagus nerve dysfunction, mitochondrial dysfunction, protein folding abnormalities, neurogenesis, synaptogenesis, and gut microbiome changes.$$),
  ($$episode-6-concussion-and-pathophysiology$$, 30, 10, $$Dr. M connects the mechanisms to symptoms such as brain fog, headache, dizziness, emotional instability, fatigue, sleepiness, and brain-based fatigue.$$),
  ($$episode-6-concussion-and-pathophysiology$$, 30, 20, $$He also notes that concussion-like injury can occur even when someone does not directly hit their head.$$),
  ($$episode-6-concussion-and-pathophysiology$$, 40, 10, $$This episode sets up later conversations on how to address concussion recovery pathways.$$),
  ($$episode-6-concussion-and-pathophysiology$$, 40, 20, $$Listeners are reminded to use personalized medical care for diagnosis, treatment, testing, supplements, and return-to-play decisions after head injury.$$),
  ($$episode-7-the-brain-on-fire$$, 10, 10, $$Dr. M frames the post-injury brain as a system that can remain activated and inflamed after concussion or traumatic brain injury.$$),
  ($$episode-7-the-brain-on-fire$$, 10, 20, $$The episode connects the brain-on-fire idea to neuroinflammation, oxidative stress, and the blood-brain barrier.$$),
  ($$episode-7-the-brain-on-fire$$, 20, 10, $$Mechanisms discussed include structural injury, neural shearing, excitotoxicity, hypoxia, blood-brain barrier disruption, brain autoimmunity, hormone dysfunction, pituitary involvement, vagus nerve dysfunction, mitochondrial dysfunction, protein folding abnormalities, neurogenesis, synaptogenesis, and gut microbiome changes.$$),
  ($$episode-7-the-brain-on-fire$$, 30, 10, $$Dr. M connects these pathways to persistent symptoms such as brain fog, headache, dizziness, emotional instability, fatigue, sleepiness, and brain-based fatigue.$$),
  ($$episode-7-the-brain-on-fire$$, 30, 20, $$He also emphasizes that concussion-like injury can occur without a direct blow to the head.$$),
  ($$episode-7-the-brain-on-fire$$, 40, 10, $$The episode is educational and should not be used as a stand-alone protocol for diagnosis, treatment, testing, supplements, or return-to-play decisions.$$),
  ($$episode-7-the-brain-on-fire$$, 40, 20, $$Listeners are directed toward individualized medical evaluation after concussion or head injury.$$)
on conflict (episode_slug, section_display_order, display_order) do update set body = excluded.body;

insert into public.affiliate_categories (slug, label, description, display_order) values
  ('emf-rf-protection', 'EMF / RF Protection', $$Wearable, room, testing, and shielding tools connected to Dr. M's EMF and environmental-exposure conversations.$$, 10),
  ('sleep-light-environment', 'Sleep & Light Environment', $$Light-hygiene and circadian-support tools for sleep, insomnia, and evening routines.$$, 20),
  ('home-environment', 'Home Environment', $$Assessment and mitigation resources for home, bedroom, work, and travel environments.$$, 30),
  ('homeopathics-supplements', 'Homeopathics & Supplements', $$Homeopathic, drainage, detoxification, and supplement resources that need stronger clinical context.$$, 40),
  ('supplements', 'Supplements', $$Supplement dispensaries and product lines connected to functional-medicine and episode follow-up topics.$$, 50)
on conflict (slug) do update set
  label = excluded.label,
  description = excluded.description,
  display_order = excluded.display_order;

insert into public.affiliate_products (
  slug,
  category_slug,
  brand,
  name,
  summary,
  drm_thoughts,
  purchase_note,
  caution_note,
  affiliate_url,
  direct_url,
  coupon_code,
  discount_note,
  sort_order,
  date_added,
  last_reviewed,
  source_note
) values
  (
    'airestech',
    'emf-rf-protection',
    'Airestech',
    'EMF and RF Protection Devices',
    $$Wearable, phone, and room-focused EMF/RF protection devices for listeners who want a practical way to reduce exposure in daily environments.$$,
    $$Dr. M started using an Airestech Zone after years of EMF/RF-related headaches at his Bellevue clinic. After trying shielding paint and even a Swiss Shield canopy, he found the Zone helped enough that he now wears it daily and travels with it.$$,
    null,
    null,
    'https://airestech.com/davidmusnick',
    null,
    'DRDMUSNICK',
    'Use code DRDMUSNICK for at least 25% savings.',
    10,
    '2026-06-17',
    '2026-06-17',
    'David Musnick forwarded affiliate setup notes for Airestech.'
  ),
  (
    'block-blue-light',
    'sleep-light-environment',
    'BlockBlueLight',
    'Blue Light Blocking Glasses & Sleep Lighting',
    $$Blue-light blocking glasses, sleep-friendly reading lights, and home lighting products for reducing artificial light exposure in the evening.$$,
    $$Dr. M likes this as a practical sleep-hygiene tool: glasses and lighting that make it easier to wind down without flooding the eyes with bright blue light before bed.$$,
    null,
    null,
    'https://www.blockbluelight.com/?ref=drmexperienced',
    null,
    null,
    'Listener discount is applied through the affiliate link.',
    20,
    '2026-06-17',
    '2026-06-17',
    'Existing affiliate entry reviewed during affiliate catalog pass.'
  ),
  (
    'safe-living-technologies',
    'home-environment',
    'Safe Living Technologies',
    'EMF Testing & Shielding Tools',
    $$EMF meters, testing resources, and shielding products for people who want a more concrete look at their home or work environment.$$,
    $$Dr. M flagged Safe Living Technologies for EMF testing and shielding, especially for listeners who want to measure first and make practical changes based on what they find.$$,
    null,
    null,
    null,
    'https://safelivingtechnologies.com/',
    'DrMExperienced',
    null,
    30,
    '2026-06-17',
    '2026-06-17',
    'Existing EMF resource reviewed against current episode context.'
  ),
  (
    'desbio-dbscript',
    'homeopathics-supplements',
    'DesBio / DBscript',
    'Homeopathic and Drainage Product Access',
    $$A DBscript store for DesBio homeopathic and supplement products that Dr. M may reference for emotional support, drainage, detoxification, and functional-medicine conversations.$$,
    $$Dr. M describes DesBio as a leading source for homeopathic products used in areas such as anxiety, mood, motivation, drainage, detoxification, and chronic-infection protocols.$$,
    'Open the DBscript link, then search for the product name.',
    $$DesBio also makes products for chronic viral, bacterial, and tickborne-infection protocols. Dr. M does not recommend those generically; review them through a consult or your own clinician.$$,
    null,
    'https://dbscript.com/?direct=DrMEx',
    null,
    null,
    40,
    '2026-06-17',
    '2026-06-17',
    'David Musnick forwarded DBscript setup and product-list notes.'
  ),
  (
    'best365labs',
    'supplements',
    'Best365Labs',
    'Methylene Blue & Brain/Energy Supplements',
    $$A supplement source Dr. M noted for methylene blue and other brain and energy related products.$$,
    $$Dr. M pointed to Best365Labs in the context of brain and energy support. These products should be considered in a clinical context, especially for people with medications, complex conditions, or sensitivity to supplements.$$,
    null,
    null,
    null,
    'https://best365labs.com/',
    'DrME',
    null,
    50,
    '2026-06-17',
    '2026-06-17',
    'Existing supplement resource reviewed during affiliate catalog pass.'
  ),
  (
    'doctors-supplement-store',
    'supplements',
    'Doctors Supplement Store',
    $$Dr. M's Experienced Supplement Dispensary$$,
    $$A DSS supplement dispensary for the Dr. M's Experienced audience, with thousands of high-quality practitioner-focused supplement products.$$,
    $$Dr. M flagged DSS as a way to give podcast listeners one place to research and purchase high-quality supplements connected to future show notes, webinars, and protocol discussions while keeping podcast activity organized.$$,
    $$This is the Dr. M's Experienced dispensary URL.$$,
    null,
    null,
    'https://dssorders.com/DrMExperienced',
    null,
    null,
    60,
    '2026-06-17',
    '2026-06-17',
    'David Musnick forwarded DSS dispensary URL and catalog notes.'
  ),
  (
    'abeytu-naturals',
    'supplements',
    'Abeytu Naturals',
    'Blood & Red Cell Support Supplements',
    $$A supplement company Dr. M highlighted for blood-health and red-cell function support.$$,
    $$Dr. M's note on Abeytu Naturals was centered on helping clean the blood and improve red-cell function. It may fit conversations about oxygen delivery and whole-body function, but listeners should review supplement choices with their own clinician.$$,
    null,
    null,
    'https://abeytunaturals.com/discount/DRDAVID10',
    'https://abeytunaturals.com/',
    'DRDAVID10',
    'Use code DRDAVID10 for 10% off.',
    70,
    '2026-06-17',
    '2026-06-17',
    'David Musnick forwarded Abeytu discount and blood-health notes.'
  )
on conflict (slug) do update set
  category_slug = excluded.category_slug,
  brand = excluded.brand,
  name = excluded.name,
  summary = excluded.summary,
  drm_thoughts = excluded.drm_thoughts,
  purchase_note = excluded.purchase_note,
  caution_note = excluded.caution_note,
  affiliate_url = excluded.affiliate_url,
  direct_url = excluded.direct_url,
  coupon_code = excluded.coupon_code,
  discount_note = excluded.discount_note,
  sort_order = excluded.sort_order,
  last_reviewed = excluded.last_reviewed,
  source_note = excluded.source_note,
  updated_at = now();

insert into public.affiliate_product_reasons (product_slug, display_order, body) values
  ('airestech', 10, $$Includes wearable options as well as room-level devices, so listeners can match the tool to the exposure setting.$$),
  ('airestech', 20, $$Relevant for people following Dr. M's EMF/RF discussions and wanting a product source to research.$$),
  ('airestech', 30, $$The current partner link and code are active through Airestech's partner program.$$),
  ('block-blue-light', 10, $$Useful for listeners working on insomnia, circadian rhythm, and evening screen or light exposure.$$),
  ('block-blue-light', 20, $$Includes both wearable glasses and room-level lighting options, so people can address more than one source of nighttime light.$$),
  ('block-blue-light', 30, $$The referral link applies the listener discount automatically.$$),
  ('safe-living-technologies', 10, $$Focused on assessment tools as well as shielding products.$$),
  ('safe-living-technologies', 20, $$Pairs well with a measured, room-by-room approach to reducing exposure instead of guessing.$$),
  ('safe-living-technologies', 30, $$Useful for listeners following the EMF episode and wanting product sources to research.$$),
  ('desbio-dbscript', 10, $$The direct DBscript link gives listeners one place to search for DesBio products Dr. M mentions.$$),
  ('desbio-dbscript', 20, $$The line includes broadly relevant emotional-support, drainage, detox, and brain-support formulas.$$),
  ('desbio-dbscript', 30, $$It can support future podcast follow-up without turning an episode page into a full treatment protocol.$$),
  ('best365labs', 10, $$Relevant to the brain fog and energy conversations already covered on the show.$$),
  ('best365labs', 20, $$Gives listeners one named source to research when methylene blue or mitochondrial-support topics come up.$$),
  ('best365labs', 30, $$Includes a public listener code for the Dr. M's Experienced audience.$$),
  ('doctors-supplement-store', 10, $$Broad supplement catalog rather than a single-product line.$$),
  ('doctors-supplement-store', 20, $$Separate Dr. M's Experienced dispensary URL keeps podcast-related supplement activity organized.$$),
  ('doctors-supplement-store', 30, $$Useful as a central destination when future episodes or webinars mention supplement categories.$$),
  ('abeytu-naturals', 10, $$Connects to the broader functional-medicine lens of oxygen delivery, circulation, and cellular function.$$),
  ('abeytu-naturals', 20, $$The public discount link gives listeners a straightforward way to find the line Dr. M referenced.$$),
  ('abeytu-naturals', 30, $$A useful category to discuss when red-cell function is part of a larger health plan.$$)
on conflict (product_slug, display_order) do update set body = excluded.body;

insert into public.affiliate_product_use_cases (product_slug, display_order, body) values
  ('airestech', 10, $$Wearable EMF/RF exposure support$$),
  ('airestech', 20, $$Cell-phone exposure mitigation$$),
  ('airestech', 30, $$Bedroom and hotel-room protection$$),
  ('airestech', 40, $$Larger-room protection with the Zone Max$$),
  ('block-blue-light', 10, $$Evening screen use$$),
  ('block-blue-light', 20, $$Reading before bed$$),
  ('block-blue-light', 30, $$Sleep-supportive home lighting$$),
  ('block-blue-light', 40, $$Circadian rhythm and insomnia routines$$),
  ('safe-living-technologies', 10, $$Home EMF testing$$),
  ('safe-living-technologies', 20, $$Bedroom and workspace assessment$$),
  ('safe-living-technologies', 30, $$Shielding product research$$),
  ('safe-living-technologies', 40, $$Reducing avoidable environmental exposures$$),
  ('desbio-dbscript', 10, $$Emotional-support product research$$),
  ('desbio-dbscript', 20, $$Drainage and detoxification conversations$$),
  ('desbio-dbscript', 30, $$Brain and nervous-system support topics$$),
  ('desbio-dbscript', 40, $$Clinician-guided chronic-infection protocol discussions$$),
  ('best365labs', 10, $$Brain-support supplement research$$),
  ('best365labs', 20, $$Energy and mitochondrial support conversations$$),
  ('best365labs', 30, $$Brain fog protocol discussions with a clinician$$),
  ('best365labs', 40, $$Functional medicine supplement planning$$),
  ('doctors-supplement-store', 10, $$Practitioner-grade supplement research$$),
  ('doctors-supplement-store', 20, $$Podcast and webinar follow-up resources$$),
  ('doctors-supplement-store', 30, $$Brain, immune, orthopedic, and functional-medicine supplement categories$$),
  ('doctors-supplement-store', 40, $$Centralized supplement ordering for listeners$$),
  ('abeytu-naturals', 10, $$Blood-health supplement research$$),
  ('abeytu-naturals', 20, $$Red-cell function conversations$$),
  ('abeytu-naturals', 30, $$Oxygen-delivery and circulation support discussions$$),
  ('abeytu-naturals', 40, $$Clinician-guided supplement planning$$)
on conflict (product_slug, display_order) do update set body = excluded.body;

insert into public.affiliate_product_featured_items (product_slug, display_order, label) values
  ('airestech', 10, 'Go'),
  ('airestech', 20, 'Flex'),
  ('airestech', 30, 'Zone'),
  ('airestech', 40, 'Zone Max'),
  ('desbio-dbscript', 10, 'Esteem'),
  ('desbio-dbscript', 20, 'Rage'),
  ('desbio-dbscript', 30, 'Anxious'),
  ('desbio-dbscript', 40, 'Motivation'),
  ('desbio-dbscript', 50, 'Grief'),
  ('desbio-dbscript', 60, 'Adrenal Support'),
  ('desbio-dbscript', 70, 'Allergy Rescue'),
  ('desbio-dbscript', 80, 'Appetite Control'),
  ('desbio-dbscript', 90, 'Celergesic'),
  ('desbio-dbscript', 100, 'Cerebromax'),
  ('desbio-dbscript', 110, 'Comprehensive Homeopathic Detox Kit'),
  ('desbio-dbscript', 120, 'Crave Control'),
  ('desbio-dbscript', 130, 'Dizzy'),
  ('desbio-dbscript', 140, 'Dynamic Brain'),
  ('desbio-dbscript', 150, 'Ear Ring'),
  ('desbio-dbscript', 160, 'Emotional Detox and Drainage'),
  ('desbio-dbscript', 170, 'GLP Support'),
  ('desbio-dbscript', 180, 'Headache'),
  ('desbio-dbscript', 190, 'HeadSSR'),
  ('desbio-dbscript', 200, 'Herx'),
  ('desbio-dbscript', 210, 'Leaky Gut Formula')
on conflict (product_slug, display_order) do update set label = excluded.label;

insert into public.affiliate_product_episode_links (product_slug, episode_slug, link_reason) values
  ('airestech', 'episode-4-emf', 'EMF/RF episode'),
  ('block-blue-light', 'episode-3-insomnia', 'sleep and light hygiene'),
  ('block-blue-light', 'episode-4-emf', 'EMF/light-environment crossover'),
  ('safe-living-technologies', 'episode-4-emf', 'EMF testing and shielding'),
  ('desbio-dbscript', 'brain-fog-part-1', 'brain fog and root-cause support'),
  ('desbio-dbscript', 'brain-fog-part-2', 'brain fog and root-cause support'),
  ('best365labs', 'brain-fog-part-1', 'brain and energy support'),
  ('best365labs', 'brain-fog-part-2', 'brain and energy support')
on conflict (product_slug, episode_slug) do update set link_reason = excluded.link_reason;

insert into public.affiliate_product_auto_topics (product_slug, topic_slug) values
  ('airestech', 'emf'),
  ('block-blue-light', 'sleep'),
  ('block-blue-light', 'insomnia'),
  ('safe-living-technologies', 'emf'),
  ('desbio-dbscript', 'brain-fog'),
  ('desbio-dbscript', 'mood'),
  ('desbio-dbscript', 'detox'),
  ('desbio-dbscript', 'drainage'),
  ('desbio-dbscript', 'chronic-infection'),
  ('best365labs', 'brain-fog'),
  ('best365labs', 'energy'),
  ('best365labs', 'mitochondria'),
  ('abeytu-naturals', 'blood-health'),
  ('abeytu-naturals', 'red-cell-function'),
  ('abeytu-naturals', 'circulation')
on conflict (product_slug, topic_slug) do nothing;

insert into public.affiliate_product_tags (product_slug, tag_slug) values
  ('airestech', 'emf'),
  ('airestech', 'rf'),
  ('airestech', 'wearable'),
  ('airestech', 'room-protection'),
  ('airestech', 'travel'),
  ('block-blue-light', 'sleep'),
  ('block-blue-light', 'insomnia'),
  ('block-blue-light', 'circadian-rhythm'),
  ('block-blue-light', 'light-hygiene'),
  ('safe-living-technologies', 'emf'),
  ('safe-living-technologies', 'shielding'),
  ('safe-living-technologies', 'testing'),
  ('safe-living-technologies', 'home-environment'),
  ('desbio-dbscript', 'homeopathics'),
  ('desbio-dbscript', 'desbio'),
  ('desbio-dbscript', 'detox'),
  ('desbio-dbscript', 'drainage'),
  ('desbio-dbscript', 'brain-health'),
  ('best365labs', 'brain-health'),
  ('best365labs', 'energy'),
  ('best365labs', 'mitochondria'),
  ('best365labs', 'supplements'),
  ('doctors-supplement-store', 'supplements'),
  ('doctors-supplement-store', 'dispensary'),
  ('doctors-supplement-store', 'brain-health'),
  ('doctors-supplement-store', 'immune-support'),
  ('doctors-supplement-store', 'orthopedics'),
  ('abeytu-naturals', 'blood-health'),
  ('abeytu-naturals', 'red-cell-function'),
  ('abeytu-naturals', 'circulation'),
  ('abeytu-naturals', 'supplements')
on conflict (product_slug, tag_slug) do nothing;
